{
    "Version": "1.2",
    "Data": {
        "Source": "f:\\product\\workspace\\testpointdata\\intermediate\\build\\win64\\x64\\testpointdata\\development\\core\\sharedpch.core.cpp17.cpp",
        "ProvidedModule": "",
        "Includes": [
            "f:\\product\\workspace\\testpointdata\\intermediate\\build\\win64\\x64\\testpointdata\\development\\core\\sharedpch.core.cpp17.h",
            "f:\\product\\workspace\\testpointdata\\intermediate\\build\\win64\\x64\\testpointdata\\development\\core\\shareddefinitions.core.cpp17.h",
            "f:\\uedit\\ue_5.3\\engine\\source\\runtime\\core\\public\\coresharedpch.h",
            "f:\\uedit\\ue_5.3\\engine\\source\\runtime\\core\\public\\algo\\reverse.h",
            "f:\\uedit\\ue_5.3\\engine\\source\\runtime\\core\\public\\coretypes.h",
            "f:\\uedit\\ue_5.3\\engine\\source\\runtime\\core\\public\\hal\\platform.h",
            "f:\\uedit\\ue_5.3\\engine\\source\\runtime\\core\\public\\misc\\build.h",
            "f:\\uedit\\ue_5.3\\engine\\source\\runtime\\core\\public\\misc\\largeworldcoordinates.h",
            "f:\\uedit\\ue_5.3\\engine\\source\\runtime\\core\\public\\hal\\preprocessorhelpers.h",
            "f:\\uedit\\ue_5.3\\engine\\source\\runtime\\core\\public\\windows\\windowsplatformcompilerpresetup.h",
            "f:\\uedit\\ue_5.3\\engine\\source\\runtime\\core\\public\\msvc\\msvcplatformcompilerpresetup.h",
            "f:\\uedit\\ue_5.3\\engine\\source\\runtime\\core\\public\\genericplatform\\genericplatformcompilerpresetup.h",
            "f:\\uedit\\ue_5.3\\engine\\source\\runtime\\core\\public\\genericplatform\\genericplatform.h",
            "f:\\uedit\\ue_5.3\\engine\\source\\runtime\\core\\public\\windows\\windowsplatformcodeanalysis.h",
            "f:\\uedit\\ue_5.3\\engine\\source\\runtime\\core\\public\\windows\\windowsplatform.h",
            "d:\\visualstudio\\vc\\tools\\msvc\\14.36.32532\\include\\sal.h",
            "d:\\visualstudio\\vc\\tools\\msvc\\14.36.32532\\include\\concurrencysal.h",
            "f:\\uedit\\ue_5.3\\engine\\source\\runtime\\core\\public\\msvc\\msvcplatform.h",
            "f:\\uedit\\ue_5.3\\engine\\source\\runtime\\core\\public\\windows\\windowsplatformcompilersetup.h",
            "f:\\uedit\\ue_5.3\\engine\\source\\runtime\\core\\public\\profilingdebugging\\umemorydefines.h",
            "f:\\uedit\\ue_5.3\\engine\\source\\runtime\\core\\public\\misc\\coremiscdefines.h",
            "f:\\uedit\\ue_5.3\\engine\\source\\runtime\\core\\public\\misc\\coredefines.h",
            "f:\\uedit\\ue_5.3\\engine\\source\\runtime\\core\\public\\templates\\unrealtemplate.h",
            "f:\\uedit\\ue_5.3\\engine\\source\\runtime\\core\\public\\templates\\ispointer.h",
            "f:\\uedit\\ue_5.3\\engine\\source\\runtime\\core\\public\\hal\\unrealmemory.h",
            "f:\\uedit\\ue_5.3\\engine\\source\\runtime\\core\\public\\genericplatform\\genericplatformmemory.h",
            "f:\\uedit\\ue_5.3\\engine\\source\\runtime\\core\\public\\corefwd.h",
            "f:\\uedit\\ue_5.3\\engine\\source\\runtime\\core\\public\\containers\\containersfwd.h",
            "f:\\uedit\\ue_5.3\\engine\\source\\runtime\\core\\public\\traits\\iscontiguouscontainer.h",
            "d:\\visualstudio\\vc\\tools\\msvc\\14.36.32532\\include\\initializer_list",
            "d:\\visualstudio\\vc\\tools\\msvc\\14.36.32532\\include\\yvals_core.h",
            "d:\\visualstudio\\vc\\tools\\msvc\\14.36.32532\\include\\vcruntime.h",
            "d:\\visualstudio\\vc\\tools\\msvc\\14.36.32532\\include\\vadefs.h",
            "d:\\visualstudio\\vc\\tools\\msvc\\14.36.32532\\include\\xkeycheck.h",
            "d:\\visualstudio\\vc\\tools\\msvc\\14.36.32532\\include\\cstddef",
            "c:\\program files (x86)\\windows kits\\10\\include\\10.0.22621.0\\ucrt\\stddef.h",
            "c:\\program files (x86)\\windows kits\\10\\include\\10.0.22621.0\\ucrt\\corecrt.h",
            "d:\\visualstudio\\vc\\tools\\msvc\\14.36.32532\\include\\xtr1common",
            "f:\\uedit\\ue_5.3\\engine\\source\\runtime\\core\\public\\math\\mathfwd.h",
            "f:\\uedit\\ue_5.3\\engine\\source\\runtime\\core\\public\\uobject\\uobjecthierarchyfwd.h",
            "f:\\uedit\\ue_5.3\\engine\\source\\runtime\\core\\public\\hal\\platformstring.h",
            "f:\\uedit\\ue_5.3\\engine\\source\\runtime\\core\\public\\windows\\windowsplatformstring.h",
            "f:\\uedit\\ue_5.3\\engine\\source\\runtime\\core\\public\\genericplatform\\microsoftplatformstring.h",
            "f:\\uedit\\ue_5.3\\engine\\source\\runtime\\core\\public\\misc\\char.h",
            "f:\\uedit\\ue_5.3\\engine\\source\\runtime\\core\\public\\traits\\inttype.h",
            "c:\\program files (x86)\\windows kits\\10\\include\\10.0.22621.0\\ucrt\\ctype.h",
            "c:\\program files (x86)\\windows kits\\10\\include\\10.0.22621.0\\ucrt\\corecrt_wctype.h",
            "c:\\program files (x86)\\windows kits\\10\\include\\10.0.22621.0\\ucrt\\wctype.h",
            "f:\\uedit\\ue_5.3\\engine\\source\\runtime\\core\\public\\genericplatform\\genericplatformstring.h",
            "f:\\uedit\\ue_5.3\\engine\\source\\runtime\\core\\public\\genericplatform\\genericplatformstricmp.h",
            "f:\\uedit\\ue_5.3\\engine\\source\\runtime\\core\\public\\templates\\enableif.h",
            "f:\\uedit\\ue_5.3\\engine\\source\\runtime\\core\\public\\traits\\ischarencodingcompatiblewith.h",
            "d:\\visualstudio\\vc\\tools\\msvc\\14.36.32532\\include\\type_traits",
            "d:\\visualstudio\\vc\\tools\\msvc\\14.36.32532\\include\\cstdint",
            "d:\\visualstudio\\vc\\tools\\msvc\\14.36.32532\\include\\stdint.h",
            "d:\\visualstudio\\vc\\tools\\msvc\\14.36.32532\\include\\xstddef",
            "d:\\visualstudio\\vc\\tools\\msvc\\14.36.32532\\include\\cstdlib",
            "c:\\program files (x86)\\windows kits\\10\\include\\10.0.22621.0\\ucrt\\math.h",
            "c:\\program files (x86)\\windows kits\\10\\include\\10.0.22621.0\\ucrt\\corecrt_math.h",
            "c:\\program files (x86)\\windows kits\\10\\include\\10.0.22621.0\\ucrt\\stdlib.h",
            "c:\\program files (x86)\\windows kits\\10\\include\\10.0.22621.0\\ucrt\\corecrt_malloc.h",
            "c:\\program files (x86)\\windows kits\\10\\include\\10.0.22621.0\\ucrt\\corecrt_search.h",
            "c:\\program files (x86)\\windows kits\\10\\include\\10.0.22621.0\\ucrt\\corecrt_wstdlib.h",
            "d:\\visualstudio\\vc\\tools\\msvc\\14.36.32532\\include\\limits.h",
            "f:\\uedit\\ue_5.3\\engine\\source\\runtime\\core\\public\\traits\\ischartype.h",
            "f:\\uedit\\ue_5.3\\engine\\source\\runtime\\core\\public\\traits\\ischarencodingsimplyconvertibleto.h",
            "f:\\uedit\\ue_5.3\\engine\\source\\runtime\\core\\public\\traits\\isfixedwidthcharencoding.h",
            "d:\\visualstudio\\vc\\tools\\msvc\\14.36.32532\\include\\stdarg.h",
            "c:\\program files (x86)\\windows kits\\10\\include\\10.0.22621.0\\ucrt\\stdio.h",
            "c:\\program files (x86)\\windows kits\\10\\include\\10.0.22621.0\\ucrt\\corecrt_wstdio.h",
            "c:\\program files (x86)\\windows kits\\10\\include\\10.0.22621.0\\ucrt\\corecrt_stdio_config.h",
            "c:\\program files (x86)\\windows kits\\10\\include\\10.0.22621.0\\ucrt\\string.h",
            "c:\\program files (x86)\\windows kits\\10\\include\\10.0.22621.0\\ucrt\\corecrt_memory.h",
            "c:\\program files (x86)\\windows kits\\10\\include\\10.0.22621.0\\ucrt\\corecrt_memcpy_s.h",
            "c:\\program files (x86)\\windows kits\\10\\include\\10.0.22621.0\\ucrt\\errno.h",
            "d:\\visualstudio\\vc\\tools\\msvc\\14.36.32532\\include\\vcruntime_string.h",
            "c:\\program files (x86)\\windows kits\\10\\include\\10.0.22621.0\\ucrt\\corecrt_wstring.h",
            "c:\\program files (x86)\\windows kits\\10\\include\\10.0.22621.0\\ucrt\\tchar.h",
            "c:\\program files (x86)\\windows kits\\10\\include\\10.0.22621.0\\ucrt\\wchar.h",
            "c:\\program files (x86)\\windows kits\\10\\include\\10.0.22621.0\\ucrt\\corecrt_wconio.h",
            "c:\\program files (x86)\\windows kits\\10\\include\\10.0.22621.0\\ucrt\\corecrt_wdirect.h",
            "c:\\program files (x86)\\windows kits\\10\\include\\10.0.22621.0\\ucrt\\corecrt_wio.h",
            "c:\\program files (x86)\\windows kits\\10\\include\\10.0.22621.0\\ucrt\\corecrt_share.h",
            "c:\\program files (x86)\\windows kits\\10\\include\\10.0.22621.0\\ucrt\\corecrt_wprocess.h",
            "c:\\program files (x86)\\windows kits\\10\\include\\10.0.22621.0\\ucrt\\corecrt_wtime.h",
            "c:\\program files (x86)\\windows kits\\10\\include\\10.0.22621.0\\ucrt\\sys\\stat.h",
            "c:\\program files (x86)\\windows kits\\10\\include\\10.0.22621.0\\ucrt\\sys\\types.h",
            "f:\\uedit\\ue_5.3\\engine\\source\\runtime\\core\\public\\hal\\memorybase.h",
            "f:\\uedit\\ue_5.3\\engine\\source\\runtime\\core\\public\\hal\\platformatomics.h",
            "f:\\uedit\\ue_5.3\\engine\\source\\runtime\\core\\public\\genericplatform\\genericplatformatomics.h",
            "f:\\uedit\\ue_5.3\\engine\\source\\runtime\\core\\public\\windows\\windowsplatformatomics.h",
            "f:\\uedit\\ue_5.3\\engine\\source\\runtime\\core\\public\\windows\\windowssystemincludes.h",
            "f:\\uedit\\ue_5.3\\engine\\source\\runtime\\core\\public\\windows\\minimalwindowsapi.h",
            "f:\\uedit\\ue_5.3\\engine\\source\\runtime\\core\\public\\microsoft\\minimalwindowsapi.h",
            "d:\\visualstudio\\vc\\tools\\msvc\\14.36.32532\\include\\intrin.h",
            "d:\\visualstudio\\vc\\tools\\msvc\\14.36.32532\\include\\intrin0.inl.h",
            "d:\\visualstudio\\vc\\tools\\msvc\\14.36.32532\\include\\setjmp.h",
            "d:\\visualstudio\\vc\\tools\\msvc\\14.36.32532\\include\\immintrin.h",
            "d:\\visualstudio\\vc\\tools\\msvc\\14.36.32532\\include\\wmmintrin.h",
            "d:\\visualstudio\\vc\\tools\\msvc\\14.36.32532\\include\\nmmintrin.h",
            "d:\\visualstudio\\vc\\tools\\msvc\\14.36.32532\\include\\smmintrin.h",
            "d:\\visualstudio\\vc\\tools\\msvc\\14.36.32532\\include\\tmmintrin.h",
            "d:\\visualstudio\\vc\\tools\\msvc\\14.36.32532\\include\\pmmintrin.h",
            "d:\\visualstudio\\vc\\tools\\msvc\\14.36.32532\\include\\emmintrin.h",
            "d:\\visualstudio\\vc\\tools\\msvc\\14.36.32532\\include\\xmmintrin.h",
            "d:\\visualstudio\\vc\\tools\\msvc\\14.36.32532\\include\\mmintrin.h",
            "c:\\program files (x86)\\windows kits\\10\\include\\10.0.22621.0\\ucrt\\malloc.h",
            "d:\\visualstudio\\vc\\tools\\msvc\\14.36.32532\\include\\zmmintrin.h",
            "d:\\visualstudio\\vc\\tools\\msvc\\14.36.32532\\include\\ammintrin.h",
            "f:\\uedit\\ue_5.3\\engine\\source\\runtime\\core\\public\\hal\\hidetchar.h",
            "f:\\uedit\\ue_5.3\\engine\\source\\runtime\\core\\public\\hal\\allowtchar.h",
            "c:\\program files (x86)\\windows kits\\10\\include\\10.0.22621.0\\shared\\intsafe.h",
            "c:\\program files (x86)\\windows kits\\10\\include\\10.0.22621.0\\shared\\winapifamily.h",
            "c:\\program files (x86)\\windows kits\\10\\include\\10.0.22621.0\\shared\\winpackagefamily.h",
            "c:\\program files (x86)\\windows kits\\10\\include\\10.0.22621.0\\shared\\specstrings.h",
            "c:\\program files (x86)\\windows kits\\10\\include\\10.0.22621.0\\shared\\specstrings_strict.h",
            "c:\\program files (x86)\\windows kits\\10\\include\\10.0.22621.0\\shared\\specstrings_undef.h",
            "c:\\program files (x86)\\windows kits\\10\\include\\10.0.22621.0\\shared\\driverspecs.h",
            "c:\\program files (x86)\\windows kits\\10\\include\\10.0.22621.0\\shared\\sdv_driverspecs.h",
            "c:\\program files (x86)\\windows kits\\10\\include\\10.0.22621.0\\shared\\strsafe.h",
            "f:\\uedit\\ue_5.3\\engine\\source\\runtime\\core\\public\\hal\\platformcrt.h",
            "d:\\visualstudio\\vc\\tools\\msvc\\14.36.32532\\include\\new",
            "d:\\visualstudio\\vc\\tools\\msvc\\14.36.32532\\include\\exception",
            "d:\\visualstudio\\vc\\tools\\msvc\\14.36.32532\\include\\yvals.h",
            "c:\\program files (x86)\\windows kits\\10\\include\\10.0.22621.0\\ucrt\\crtdbg.h",
            "d:\\visualstudio\\vc\\tools\\msvc\\14.36.32532\\include\\vcruntime_new_debug.h",
            "d:\\visualstudio\\vc\\tools\\msvc\\14.36.32532\\include\\vcruntime_new.h",
            "d:\\visualstudio\\vc\\tools\\msvc\\14.36.32532\\include\\crtdefs.h",
            "d:\\visualstudio\\vc\\tools\\msvc\\14.36.32532\\include\\use_ansi.h",
            "c:\\program files (x86)\\windows kits\\10\\include\\10.0.22621.0\\ucrt\\math.h",
            "c:\\program files (x86)\\windows kits\\10\\include\\10.0.22621.0\\ucrt\\float.h",
            "f:\\uedit\\ue_5.3\\engine\\source\\runtime\\core\\public\\misc\\exec.h",
            "f:\\uedit\\ue_5.3\\engine\\source\\runtime\\core\\public\\misc\\assertionmacros.h",
            "f:\\uedit\\ue_5.3\\engine\\source\\runtime\\core\\public\\hal\\platformmisc.h",
            "f:\\uedit\\ue_5.3\\engine\\source\\runtime\\core\\public\\genericplatform\\genericplatformmisc.h",
            "f:\\uedit\\ue_5.3\\engine\\source\\runtime\\core\\public\\containers\\stringfwd.h",
            "f:\\uedit\\ue_5.3\\engine\\source\\runtime\\core\\public\\math\\numericlimits.h",
            "f:\\uedit\\ue_5.3\\engine\\source\\runtime\\core\\public\\misc\\compressionflags.h",
            "f:\\uedit\\ue_5.3\\engine\\source\\runtime\\core\\public\\misc\\enumclassflags.h",
            "f:\\uedit\\ue_5.3\\engine\\source\\runtime\\core\\public\\windows\\windowsplatformmisc.h",
            "f:\\uedit\\ue_5.3\\engine\\source\\runtime\\core\\public\\hal\\platformmemory.h",
            "f:\\uedit\\ue_5.3\\engine\\source\\runtime\\core\\public\\windows\\windowsplatformmemory.h",
            "f:\\uedit\\ue_5.3\\engine\\source\\runtime\\core\\public\\profilingdebugging\\cpuprofilertrace.h",
            "f:\\uedit\\ue_5.3\\engine\\source\\runtime\\tracelog\\public\\trace\\config.h",
            "f:\\uedit\\ue_5.3\\engine\\source\\runtime\\tracelog\\public\\trace\\detail\\channel.h",
            "f:\\uedit\\ue_5.3\\engine\\source\\runtime\\tracelog\\public\\trace\\detail\\channel.inl",
            "f:\\uedit\\ue_5.3\\engine\\source\\runtime\\tracelog\\public\\trace\\trace.h",
            "f:\\uedit\\ue_5.3\\engine\\source\\runtime\\tracelog\\public\\trace\\detail\\trace.h",
            "f:\\uedit\\ue_5.3\\engine\\source\\runtime\\core\\public\\misc\\launder.h",
            "f:\\uedit\\ue_5.3\\engine\\source\\runtime\\core\\public\\templates\\andornot.h",
            "f:\\uedit\\ue_5.3\\engine\\source\\runtime\\core\\public\\templates\\isarrayorrefoftypebypredicate.h",
            "f:\\uedit\\ue_5.3\\engine\\source\\runtime\\core\\public\\templates\\isvalidvariadicfunctionarg.h",
            "f:\\uedit\\ue_5.3\\engine\\source\\runtime\\core\\public\\templates\\isenum.h",
            "f:\\uedit\\ue_5.3\\engine\\source\\runtime\\core\\public\\misc\\varargs.h",
            "f:\\uedit\\ue_5.3\\engine\\source\\runtime\\core\\public\\misc\\outputdevice.h",
            "f:\\uedit\\ue_5.3\\engine\\source\\runtime\\core\\public\\logging\\logverbosity.h",
            "f:\\uedit\\ue_5.3\\engine\\source\\runtime\\core\\public\\templates\\atomic.h",
            "f:\\uedit\\ue_5.3\\engine\\source\\runtime\\core\\public\\hal\\threadsafecounter.h",
            "f:\\uedit\\ue_5.3\\engine\\source\\runtime\\core\\public\\hal\\threadsafecounter64.h",
            "f:\\uedit\\ue_5.3\\engine\\source\\runtime\\core\\public\\templates\\isintegral.h",
            "f:\\uedit\\ue_5.3\\engine\\source\\runtime\\core\\public\\templates\\istrivial.h",
            "f:\\uedit\\ue_5.3\\engine\\source\\runtime\\core\\public\\templates\\istriviallydestructible.h",
            "f:\\uedit\\ue_5.3\\engine\\source\\runtime\\core\\public\\templates\\istriviallycopyconstructible.h",
            "f:\\uedit\\ue_5.3\\engine\\source\\runtime\\core\\public\\templates\\istriviallycopyassignable.h",
            "d:\\visualstudio\\vc\\tools\\msvc\\14.36.32532\\include\\atomic",
            "d:\\visualstudio\\vc\\tools\\msvc\\14.36.32532\\include\\cstring",
            "d:\\visualstudio\\vc\\tools\\msvc\\14.36.32532\\include\\xatomic.h",
            "d:\\visualstudio\\vc\\tools\\msvc\\14.36.32532\\include\\intrin0.h",
            "d:\\visualstudio\\vc\\tools\\msvc\\14.36.32532\\include\\xthreads.h",
            "d:\\visualstudio\\vc\\tools\\msvc\\14.36.32532\\include\\climits",
            "d:\\visualstudio\\vc\\tools\\msvc\\14.36.32532\\include\\xtimec.h",
            "d:\\visualstudio\\vc\\tools\\msvc\\14.36.32532\\include\\ctime",
            "c:\\program files (x86)\\windows kits\\10\\include\\10.0.22621.0\\ucrt\\time.h",
            "f:\\uedit\\ue_5.3\\engine\\source\\runtime\\core\\public\\templates\\copyqualifiersandrefsfromto.h",
            "f:\\uedit\\ue_5.3\\engine\\source\\runtime\\core\\public\\templates\\copyqualifiersfromto.h",
            "f:\\uedit\\ue_5.3\\engine\\source\\runtime\\core\\public\\templates\\isarithmetic.h",
            "f:\\uedit\\ue_5.3\\engine\\source\\runtime\\core\\public\\templates\\unrealtypetraits.h",
            "f:\\uedit\\ue_5.3\\engine\\source\\runtime\\core\\public\\templates\\models.h",
            "f:\\uedit\\ue_5.3\\engine\\source\\runtime\\core\\public\\templates\\identity.h",
            "f:\\uedit\\ue_5.3\\engine\\source\\runtime\\core\\public\\templates\\ispodtype.h",
            "f:\\uedit\\ue_5.3\\engine\\source\\runtime\\core\\public\\templates\\isuecoretype.h",
            "f:\\uedit\\ue_5.3\\engine\\source\\runtime\\core\\public\\templates\\removereference.h",
            "f:\\uedit\\ue_5.3\\engine\\source\\runtime\\core\\public\\templates\\typecompatiblebytes.h",
            "f:\\uedit\\ue_5.3\\engine\\source\\runtime\\core\\public\\async\\asyncwork.h",
            "f:\\uedit\\ue_5.3\\engine\\source\\runtime\\core\\public\\misc\\compression.h",
            "f:\\uedit\\ue_5.3\\engine\\source\\runtime\\core\\public\\containers\\map.h",
            "f:\\uedit\\ue_5.3\\engine\\source\\runtime\\core\\public\\containers\\containerelementtypecompatibility.h",
            "f:\\uedit\\ue_5.3\\engine\\source\\runtime\\core\\public\\containers\\set.h",
            "f:\\uedit\\ue_5.3\\engine\\source\\runtime\\core\\public\\containers\\containerallocationpolicies.h",
            "f:\\uedit\\ue_5.3\\engine\\source\\runtime\\core\\public\\containers\\containerhelpers.h",
            "f:\\uedit\\ue_5.3\\engine\\source\\runtime\\core\\public\\hal\\platformmath.h",
            "f:\\uedit\\ue_5.3\\engine\\source\\runtime\\core\\public\\genericplatform\\genericplatformmath.h",
            "f:\\uedit\\ue_5.3\\engine\\source\\runtime\\core\\public\\templates\\decay.h",
            "f:\\uedit\\ue_5.3\\engine\\source\\runtime\\core\\public\\templates\\isfloatingpoint.h",
            "f:\\uedit\\ue_5.3\\engine\\source\\runtime\\core\\public\\templates\\resolvetypeambiguity.h",
            "f:\\uedit\\ue_5.3\\engine\\source\\runtime\\core\\public\\templates\\issigned.h",
            "c:\\program files (x86)\\windows kits\\10\\include\\10.0.22621.0\\ucrt\\fenv.h",
            "f:\\uedit\\ue_5.3\\engine\\source\\runtime\\core\\public\\windows\\windowsplatformmath.h",
            "f:\\uedit\\ue_5.3\\engine\\source\\runtime\\core\\public\\microsoft\\microsoftplatformmath.h",
            "f:\\uedit\\ue_5.3\\engine\\source\\runtime\\core\\public\\math\\unrealplatformmathsse4.h",
            "f:\\uedit\\ue_5.3\\engine\\source\\runtime\\core\\public\\math\\unrealplatformmathsse.h",
            "f:\\uedit\\ue_5.3\\engine\\source\\runtime\\core\\public\\templates\\ispolymorphic.h",
            "f:\\uedit\\ue_5.3\\engine\\source\\runtime\\core\\public\\templates\\memoryops.h",
            "f:\\uedit\\ue_5.3\\engine\\source\\runtime\\core\\public\\templates\\sorting.h",
            "f:\\uedit\\ue_5.3\\engine\\source\\runtime\\core\\public\\algo\\binarysearch.h",
            "f:\\uedit\\ue_5.3\\engine\\source\\runtime\\core\\public\\templates\\identityfunctor.h",
            "f:\\uedit\\ue_5.3\\engine\\source\\runtime\\core\\public\\templates\\invoke.h",
            "f:\\uedit\\ue_5.3\\engine\\source\\runtime\\core\\public\\traits\\memberfunctionptrouter.h",
            "f:\\uedit\\ue_5.3\\engine\\source\\runtime\\core\\public\\templates\\less.h",
            "f:\\uedit\\ue_5.3\\engine\\source\\runtime\\core\\public\\algo\\sort.h",
            "f:\\uedit\\ue_5.3\\engine\\source\\runtime\\core\\public\\algo\\introsort.h",
            "f:\\uedit\\ue_5.3\\engine\\source\\runtime\\core\\public\\algo\\impl\\binaryheap.h",
            "f:\\uedit\\ue_5.3\\engine\\source\\runtime\\core\\public\\templates\\reversepredicate.h",
            "f:\\uedit\\ue_5.3\\engine\\source\\runtime\\core\\public\\math\\unrealmathutility.h",
            "f:\\uedit\\ue_5.3\\engine\\source\\runtime\\core\\public\\containers\\array.h",
            "f:\\uedit\\ue_5.3\\engine\\source\\runtime\\core\\public\\misc\\reverseiterate.h",
            "d:\\visualstudio\\vc\\tools\\msvc\\14.36.32532\\include\\iterator",
            "d:\\visualstudio\\vc\\tools\\msvc\\14.36.32532\\include\\iosfwd",
            "d:\\visualstudio\\vc\\tools\\msvc\\14.36.32532\\include\\cstdio",
            "d:\\visualstudio\\vc\\tools\\msvc\\14.36.32532\\include\\cwchar",
            "d:\\visualstudio\\vc\\tools\\msvc\\14.36.32532\\include\\xutility",
            "d:\\visualstudio\\vc\\tools\\msvc\\14.36.32532\\include\\__msvc_iter_core.hpp",
            "d:\\visualstudio\\vc\\tools\\msvc\\14.36.32532\\include\\utility",
            "f:\\uedit\\ue_5.3\\engine\\source\\runtime\\core\\public\\serialization\\archive.h",
            "f:\\uedit\\ue_5.3\\engine\\source\\runtime\\core\\public\\hal\\platformproperties.h",
            "f:\\uedit\\ue_5.3\\engine\\source\\runtime\\core\\public\\genericplatform\\genericplatformproperties.h",
            "f:\\uedit\\ue_5.3\\engine\\source\\runtime\\core\\public\\windows\\windowsplatformproperties.h",
            "f:\\uedit\\ue_5.3\\engine\\source\\runtime\\core\\public\\internationalization\\textnamespacefwd.h",
            "f:\\uedit\\ue_5.3\\engine\\source\\runtime\\core\\public\\misc\\engineversionbase.h",
            "f:\\uedit\\ue_5.3\\engine\\source\\runtime\\core\\public\\serialization\\archivecookdata.h",
            "f:\\uedit\\ue_5.3\\engine\\source\\runtime\\core\\public\\templates\\isenumclass.h",
            "f:\\uedit\\ue_5.3\\engine\\source\\runtime\\core\\public\\uobject\\objectversion.h",
            "f:\\uedit\\ue_5.3\\engine\\source\\runtime\\core\\public\\serialization\\memoryimagewriter.h",
            "f:\\uedit\\ue_5.3\\engine\\source\\runtime\\core\\public\\serialization\\memorylayout.h",
            "f:\\uedit\\ue_5.3\\engine\\source\\runtime\\core\\public\\concepts\\staticclassprovider.h",
            "f:\\uedit\\ue_5.3\\engine\\source\\runtime\\core\\public\\concepts\\staticstructprovider.h",
            "f:\\uedit\\ue_5.3\\engine\\source\\runtime\\core\\public\\containers\\enumasbyte.h",
            "f:\\uedit\\ue_5.3\\engine\\source\\runtime\\core\\public\\templates\\typehash.h",
            "f:\\uedit\\ue_5.3\\engine\\source\\runtime\\core\\public\\misc\\crc.h",
            "f:\\uedit\\ue_5.3\\engine\\source\\runtime\\core\\public\\misc\\cstring.h",
            "f:\\uedit\\ue_5.3\\engine\\source\\runtime\\core\\public\\misc\\delayedautoregister.h",
            "f:\\uedit\\ue_5.3\\engine\\source\\runtime\\core\\public\\templates\\isabstract.h",
            "f:\\uedit\\ue_5.3\\engine\\source\\runtime\\core\\public\\algo\\heapify.h",
            "f:\\uedit\\ue_5.3\\engine\\source\\runtime\\core\\public\\algo\\heapsort.h",
            "f:\\uedit\\ue_5.3\\engine\\source\\runtime\\core\\public\\algo\\isheap.h",
            "f:\\uedit\\ue_5.3\\engine\\source\\runtime\\core\\public\\algo\\stablesort.h",
            "f:\\uedit\\ue_5.3\\engine\\source\\runtime\\core\\public\\algo\\rotate.h",
            "f:\\uedit\\ue_5.3\\engine\\source\\runtime\\core\\public\\concepts\\gettypehashable.h",
            "f:\\uedit\\ue_5.3\\engine\\source\\runtime\\core\\public\\templates\\chooseclass.h",
            "f:\\uedit\\ue_5.3\\engine\\source\\runtime\\core\\public\\templates\\alignmenttemplates.h",
            "f:\\uedit\\ue_5.3\\engine\\source\\runtime\\core\\public\\templates\\isconstructible.h",
            "f:\\uedit\\ue_5.3\\engine\\source\\runtime\\core\\public\\templates\\makeunsigned.h",
            "f:\\uedit\\ue_5.3\\engine\\source\\runtime\\core\\public\\traits\\elementtype.h",
            "d:\\visualstudio\\vc\\tools\\msvc\\14.36.32532\\include\\limits",
            "d:\\visualstudio\\vc\\tools\\msvc\\14.36.32532\\include\\cfloat",
            "d:\\visualstudio\\vc\\tools\\msvc\\14.36.32532\\include\\isa_availability.h",
            "f:\\uedit\\ue_5.3\\engine\\source\\runtime\\core\\public\\misc\\structbuilder.h",
            "f:\\uedit\\ue_5.3\\engine\\source\\runtime\\core\\public\\templates\\function.h",
            "f:\\uedit\\ue_5.3\\engine\\source\\runtime\\core\\public\\misc\\intrusiveunsetoptionalstate.h",
            "f:\\uedit\\ue_5.3\\engine\\source\\runtime\\core\\public\\misc\\optionalfwd.h",
            "f:\\uedit\\ue_5.3\\engine\\source\\runtime\\core\\public\\templates\\isinvocable.h",
            "f:\\uedit\\ue_5.3\\engine\\source\\runtime\\core\\public\\templates\\ismemberpointer.h",
            "f:\\uedit\\ue_5.3\\engine\\source\\runtime\\core\\public\\containers\\sparsearray.h",
            "f:\\uedit\\ue_5.3\\engine\\source\\runtime\\core\\public\\containers\\scriptarray.h",
            "f:\\uedit\\ue_5.3\\engine\\source\\runtime\\core\\public\\containers\\bitarray.h",
            "f:\\uedit\\ue_5.3\\engine\\source\\runtime\\core\\public\\serialization\\structuredarchive.h",
            "f:\\uedit\\ue_5.3\\engine\\source\\runtime\\core\\public\\serialization\\formatters\\binaryarchiveformatter.h",
            "f:\\uedit\\ue_5.3\\engine\\source\\runtime\\core\\public\\serialization\\structuredarchiveformatter.h",
            "f:\\uedit\\ue_5.3\\engine\\source\\runtime\\core\\public\\serialization\\structuredarchivenamehelpers.h",
            "f:\\uedit\\ue_5.3\\engine\\source\\runtime\\core\\public\\serialization\\structuredarchiveadapters.h",
            "f:\\uedit\\ue_5.3\\engine\\source\\runtime\\core\\public\\concepts\\insertable.h",
            "f:\\uedit\\ue_5.3\\engine\\source\\runtime\\core\\public\\serialization\\archiveproxy.h",
            "f:\\uedit\\ue_5.3\\engine\\source\\runtime\\core\\public\\serialization\\structuredarchiveslots.h",
            "f:\\uedit\\ue_5.3\\engine\\source\\runtime\\core\\public\\misc\\optional.h",
            "f:\\uedit\\ue_5.3\\engine\\source\\runtime\\core\\public\\serialization\\structuredarchivefwd.h",
            "f:\\uedit\\ue_5.3\\engine\\source\\runtime\\core\\public\\serialization\\structuredarchiveslotbase.h",
            "f:\\uedit\\ue_5.3\\engine\\source\\runtime\\core\\public\\templates\\uniqueobj.h",
            "f:\\uedit\\ue_5.3\\engine\\source\\runtime\\core\\public\\templates\\uniqueptr.h",
            "f:\\uedit\\ue_5.3\\engine\\source\\runtime\\core\\public\\templates\\isarray.h",
            "f:\\uedit\\ue_5.3\\engine\\source\\runtime\\core\\public\\templates\\removeextent.h",
            "f:\\uedit\\ue_5.3\\engine\\source\\runtime\\core\\public\\serialization\\structuredarchivedefines.h",
            "f:\\uedit\\ue_5.3\\engine\\source\\runtime\\core\\public\\containers\\unrealstring.h",
            "f:\\uedit\\ue_5.3\\engine\\source\\runtime\\core\\public\\misc\\stringformatarg.h",
            "f:\\uedit\\ue_5.3\\engine\\source\\runtime\\core\\public\\templates\\retainedref.h",
            "f:\\uedit\\ue_5.3\\engine\\source\\runtime\\core\\public\\templates\\tuple.h",
            "f:\\uedit\\ue_5.3\\engine\\source\\runtime\\core\\public\\delegates\\integersequence.h",
            "d:\\visualstudio\\vc\\tools\\msvc\\14.36.32532\\include\\tuple",
            "f:\\uedit\\ue_5.3\\engine\\source\\runtime\\core\\public\\hal\\criticalsection.h",
            "f:\\uedit\\ue_5.3\\engine\\source\\runtime\\core\\public\\windows\\windowscriticalsection.h",
            "f:\\uedit\\ue_5.3\\engine\\source\\runtime\\core\\public\\misc\\timespan.h",
            "f:\\uedit\\ue_5.3\\engine\\source\\runtime\\core\\public\\math\\interval.h",
            "f:\\uedit\\ue_5.3\\engine\\source\\runtime\\core\\public\\uobject\\nametypes.h",
            "f:\\uedit\\ue_5.3\\engine\\source\\runtime\\core\\public\\containers\\stringconv.h",
            "f:\\uedit\\ue_5.3\\engine\\source\\runtime\\core\\public\\uobject\\unrealnames.h",
            "f:\\uedit\\ue_5.3\\engine\\source\\runtime\\core\\public\\uobject\\unrealnames.inl",
            "f:\\uedit\\ue_5.3\\engine\\source\\runtime\\core\\public\\uobject\\unrealnames.inl",
            "f:\\uedit\\ue_5.3\\engine\\source\\runtime\\core\\public\\misc\\stringbuilder.h",
            "f:\\uedit\\ue_5.3\\engine\\source\\runtime\\core\\public\\containers\\stringview.h",
            "f:\\uedit\\ue_5.3\\engine\\source\\runtime\\core\\public\\string\\find.h",
            "f:\\uedit\\ue_5.3\\engine\\source\\runtime\\core\\public\\containers\\arrayview.h",
            "f:\\uedit\\ue_5.3\\engine\\source\\runtime\\core\\public\\templates\\isconst.h",
            "f:\\uedit\\ue_5.3\\engine\\source\\runtime\\core\\public\\templates\\pointerisconvertiblefromto.h",
            "f:\\uedit\\ue_5.3\\engine\\source\\runtime\\core\\public\\misc\\staticassertcompletetype.h",
            "f:\\uedit\\ue_5.3\\engine\\source\\runtime\\core\\public\\templates\\losesqualifiersfromto.h",
            "f:\\uedit\\ue_5.3\\engine\\source\\runtime\\core\\public\\stats\\stats.h",
            "f:\\uedit\\ue_5.3\\engine\\source\\runtime\\core\\public\\math\\color.h",
            "f:\\uedit\\ue_5.3\\engine\\source\\runtime\\core\\public\\misc\\parse.h",
            "f:\\uedit\\ue_5.3\\engine\\source\\runtime\\core\\public\\delegates\\delegate.h",
            "f:\\uedit\\ue_5.3\\engine\\source\\runtime\\core\\public\\templates\\sharedpointer.h",
            "f:\\uedit\\ue_5.3\\engine\\source\\runtime\\core\\public\\coreglobals.h",
            "f:\\uedit\\ue_5.3\\engine\\source\\runtime\\core\\public\\hal\\platformtls.h",
            "f:\\uedit\\ue_5.3\\engine\\source\\runtime\\core\\public\\genericplatform\\genericplatformtls.h",
            "f:\\uedit\\ue_5.3\\engine\\source\\runtime\\core\\public\\windows\\windowsplatformtls.h",
            "f:\\uedit\\ue_5.3\\engine\\source\\runtime\\core\\public\\logging\\logmacros.h",
            "f:\\uedit\\ue_5.3\\engine\\source\\runtime\\core\\public\\logging\\logcategory.h",
            "f:\\uedit\\ue_5.3\\engine\\source\\runtime\\core\\public\\logging\\logscopedcategoryandverbosityoverride.h",
            "f:\\uedit\\ue_5.3\\engine\\source\\runtime\\core\\public\\logging\\logtrace.h",
            "f:\\uedit\\ue_5.3\\engine\\source\\runtime\\core\\public\\profilingdebugging\\formatargstrace.h",
            "f:\\uedit\\ue_5.3\\engine\\source\\runtime\\core\\public\\string\\formatstringsan.h",
            "f:\\uedit\\ue_5.3\\engine\\source\\runtime\\core\\public\\templates\\sharedpointerinternals.h",
            "f:\\uedit\\ue_5.3\\engine\\source\\runtime\\core\\public\\templates\\sharedpointerfwd.h",
            "f:\\uedit\\ue_5.3\\engine\\source\\runtime\\core\\public\\autortfm\\autortfm.h",
            "d:\\visualstudio\\vc\\tools\\msvc\\14.36.32532\\include\\stdbool.h",
            "c:\\program files (x86)\\windows kits\\10\\include\\10.0.22621.0\\ucrt\\memory.h",
            "f:\\uedit\\ue_5.3\\engine\\source\\runtime\\core\\public\\templates\\sharedpointertesting.inl",
            "f:\\uedit\\ue_5.3\\engine\\source\\runtime\\core\\public\\uobject\\weakobjectptrtemplates.h",
            "f:\\uedit\\ue_5.3\\engine\\source\\runtime\\core\\public\\uobject\\weakobjectptrtemplatesfwd.h",
            "f:\\uedit\\ue_5.3\\engine\\source\\runtime\\core\\public\\delegates\\multicastdelegatebase.h",
            "f:\\uedit\\ue_5.3\\engine\\source\\runtime\\core\\public\\delegates\\idelegateinstance.h",
            "f:\\uedit\\ue_5.3\\engine\\source\\runtime\\core\\public\\delegates\\delegatesettings.h",
            "f:\\uedit\\ue_5.3\\engine\\source\\runtime\\core\\public\\delegates\\delegatebase.h",
            "f:\\uedit\\ue_5.3\\engine\\source\\runtime\\core\\public\\delegates\\delegateaccesshandler.h",
            "f:\\uedit\\ue_5.3\\engine\\source\\runtime\\core\\public\\misc\\mtaccessdetector.h",
            "f:\\uedit\\ue_5.3\\engine\\source\\runtime\\core\\public\\hal\\platformstackwalk.h",
            "f:\\uedit\\ue_5.3\\engine\\source\\runtime\\core\\public\\windows\\windowsplatformstackwalk.h",
            "f:\\uedit\\ue_5.3\\engine\\source\\runtime\\core\\public\\microsoft\\microsoftplatformstackwalk.h",
            "f:\\uedit\\ue_5.3\\engine\\source\\runtime\\core\\public\\genericplatform\\genericplatformstackwalk.h",
            "f:\\uedit\\ue_5.3\\engine\\source\\runtime\\core\\public\\misc\\scopelock.h",
            "f:\\uedit\\ue_5.3\\engine\\source\\runtime\\core\\public\\delegates\\delegateinstancesimplfwd.h",
            "f:\\uedit\\ue_5.3\\engine\\source\\runtime\\core\\public\\delegates\\delegateinstanceinterface.h",
            "f:\\uedit\\ue_5.3\\engine\\source\\runtime\\core\\public\\delegates\\delegateinstancesimpl.h",
            "f:\\uedit\\ue_5.3\\engine\\source\\runtime\\core\\public\\delegates\\delegatesignatureimpl.inl",
            "f:\\uedit\\ue_5.3\\engine\\source\\runtime\\core\\public\\uobject\\scriptdelegates.h",
            "f:\\uedit\\ue_5.3\\engine\\source\\runtime\\core\\public\\delegates\\delegatecombinations.h",
            "f:\\uedit\\ue_5.3\\engine\\source\\runtime\\core\\public\\hal\\platformtime.h",
            "f:\\uedit\\ue_5.3\\engine\\source\\runtime\\core\\public\\windows\\windowsplatformtime.h",
            "f:\\uedit\\ue_5.3\\engine\\source\\runtime\\core\\public\\genericplatform\\genericplatformtime.h",
            "f:\\uedit\\ue_5.3\\engine\\source\\runtime\\core\\public\\hal\\threadsingleton.h",
            "f:\\uedit\\ue_5.3\\engine\\source\\runtime\\core\\public\\hal\\tlsautocleanup.h",
            "f:\\uedit\\ue_5.3\\engine\\source\\runtime\\core\\public\\stats\\statscommon.h",
            "f:\\uedit\\ue_5.3\\engine\\source\\runtime\\core\\public\\stats\\stats2.h",
            "f:\\uedit\\ue_5.3\\engine\\source\\runtime\\core\\public\\containers\\chunkedarray.h",
            "f:\\uedit\\ue_5.3\\engine\\source\\runtime\\core\\public\\containers\\indirectarray.h",
            "f:\\uedit\\ue_5.3\\engine\\source\\runtime\\core\\public\\containers\\lockfreelist.h",
            "f:\\uedit\\ue_5.3\\engine\\source\\runtime\\core\\public\\hal\\platformprocess.h",
            "f:\\uedit\\ue_5.3\\engine\\source\\runtime\\core\\public\\windows\\windowsplatformprocess.h",
            "f:\\uedit\\ue_5.3\\engine\\source\\runtime\\core\\public\\genericplatform\\genericplatformprocess.h",
            "f:\\uedit\\ue_5.3\\engine\\source\\runtime\\core\\public\\genericplatform\\genericplatformaffinity.h",
            "f:\\uedit\\ue_5.3\\engine\\source\\runtime\\core\\public\\misc\\noopcounter.h",
            "f:\\uedit\\ue_5.3\\engine\\source\\runtime\\core\\public\\hal\\lowlevelmemtracker.h",
            "f:\\uedit\\ue_5.3\\engine\\source\\runtime\\core\\public\\hal\\lowlevelmemtrackerdefines.h",
            "f:\\uedit\\ue_5.3\\engine\\source\\runtime\\core\\public\\profilingdebugging\\tagtrace.h",
            "f:\\uedit\\ue_5.3\\engine\\source\\runtime\\tracelog\\public\\trace\\detail\\logscope.h",
            "f:\\uedit\\ue_5.3\\engine\\source\\runtime\\tracelog\\public\\trace\\detail\\writer.inl",
            "f:\\uedit\\ue_5.3\\engine\\source\\runtime\\core\\public\\profilingdebugging\\misctrace.h",
            "f:\\uedit\\ue_5.3\\engine\\source\\runtime\\core\\public\\stats\\statstrace.h",
            "f:\\uedit\\ue_5.3\\engine\\source\\runtime\\core\\public\\hal\\event.h",
            "f:\\uedit\\ue_5.3\\engine\\source\\runtime\\core\\public\\async\\inheritedcontext.h",
            "f:\\uedit\\ue_5.3\\engine\\source\\runtime\\core\\public\\profilingdebugging\\metadatatrace.h",
            "f:\\uedit\\ue_5.3\\engine\\source\\runtime\\core\\public\\profilingdebugging\\stringstrace.h",
            "f:\\uedit\\ue_5.3\\engine\\source\\runtime\\tracelog\\public\\trace\\trace.inl",
            "f:\\uedit\\ue_5.3\\engine\\source\\runtime\\tracelog\\public\\trace\\detail\\eventnode.h",
            "f:\\uedit\\ue_5.3\\engine\\source\\runtime\\tracelog\\public\\trace\\detail\\field.h",
            "f:\\uedit\\ue_5.3\\engine\\source\\runtime\\tracelog\\public\\trace\\detail\\atomic.h",
            "f:\\uedit\\ue_5.3\\engine\\source\\runtime\\tracelog\\public\\trace\\detail\\protocol.h",
            "f:\\uedit\\ue_5.3\\engine\\source\\runtime\\tracelog\\public\\trace\\detail\\protocols\\protocol0.h",
            "f:\\uedit\\ue_5.3\\engine\\source\\runtime\\tracelog\\public\\trace\\detail\\protocols\\protocol1.h",
            "f:\\uedit\\ue_5.3\\engine\\source\\runtime\\tracelog\\public\\trace\\detail\\protocols\\protocol2.h",
            "f:\\uedit\\ue_5.3\\engine\\source\\runtime\\tracelog\\public\\trace\\detail\\protocols\\protocol3.h",
            "f:\\uedit\\ue_5.3\\engine\\source\\runtime\\tracelog\\public\\trace\\detail\\protocols\\protocol4.h",
            "f:\\uedit\\ue_5.3\\engine\\source\\runtime\\tracelog\\public\\trace\\detail\\protocols\\protocol5.h",
            "f:\\uedit\\ue_5.3\\engine\\source\\runtime\\tracelog\\public\\trace\\detail\\protocols\\protocol6.h",
            "f:\\uedit\\ue_5.3\\engine\\source\\runtime\\tracelog\\public\\trace\\detail\\protocols\\protocol7.h",
            "f:\\uedit\\ue_5.3\\engine\\source\\runtime\\tracelog\\public\\trace\\detail\\important\\importantlogscope.inl",
            "f:\\uedit\\ue_5.3\\engine\\source\\runtime\\tracelog\\public\\trace\\detail\\important\\importantlogscope.h",
            "f:\\uedit\\ue_5.3\\engine\\source\\runtime\\tracelog\\public\\trace\\detail\\important\\sharedbuffer.h",
            "f:\\uedit\\ue_5.3\\engine\\source\\runtime\\tracelog\\public\\trace\\detail\\logscope.inl",
            "f:\\uedit\\ue_5.3\\engine\\source\\runtime\\core\\public\\misc\\iqueuedwork.h",
            "f:\\uedit\\ue_5.3\\engine\\source\\runtime\\core\\public\\templates\\refcounting.h",
            "f:\\uedit\\ue_5.3\\engine\\source\\runtime\\core\\public\\misc\\queuedthreadpool.h",
            "f:\\uedit\\ue_5.3\\engine\\source\\runtime\\core\\public\\async\\fundamental\\scheduler.h",
            "f:\\uedit\\ue_5.3\\engine\\source\\runtime\\core\\public\\async\\fundamental\\task.h",
            "f:\\uedit\\ue_5.3\\engine\\source\\runtime\\core\\public\\async\\fundamental\\taskdelegate.h",
            "f:\\uedit\\ue_5.3\\engine\\source\\runtime\\core\\public\\experimental\\concurrentlinearallocator.h",
            "f:\\uedit\\ue_5.3\\engine\\source\\runtime\\core\\public\\hal\\mallocansi.h",
            "f:\\uedit\\ue_5.3\\engine\\source\\runtime\\core\\public\\profilingdebugging\\memorytrace.h",
            "f:\\uedit\\ue_5.3\\engine\\source\\runtime\\core\\public\\containers\\lockfreefixedsizeallocator.h",
            "f:\\uedit\\ue_5.3\\engine\\source\\runtime\\core\\public\\misc\\memstack.h",
            "d:\\visualstudio\\vc\\tools\\msvc\\14.36.32532\\include\\sanitizer\\asan_interface.h",
            "d:\\visualstudio\\vc\\tools\\msvc\\14.36.32532\\include\\sanitizer\\common_interface_defs.h",
            "f:\\uedit\\ue_5.3\\engine\\source\\runtime\\core\\public\\misc\\scopeexit.h",
            "f:\\uedit\\ue_5.3\\engine\\source\\runtime\\core\\public\\hal\\platformaffinity.h",
            "f:\\uedit\\ue_5.3\\engine\\source\\runtime\\core\\public\\windows\\windowsplatformaffinity.h",
            "f:\\uedit\\ue_5.3\\engine\\source\\runtime\\core\\public\\hal\\thread.h",
            "f:\\uedit\\ue_5.3\\engine\\source\\runtime\\core\\public\\async\\fundamental\\localqueue.h",
            "f:\\uedit\\ue_5.3\\engine\\source\\runtime\\core\\public\\math\\randomstream.h",
            "f:\\uedit\\ue_5.3\\engine\\source\\runtime\\core\\public\\math\\box.h",
            "f:\\uedit\\ue_5.3\\engine\\source\\runtime\\core\\public\\math\\vector.h",
            "f:\\uedit\\ue_5.3\\engine\\source\\runtime\\core\\public\\misc\\largeworldcoordinatesserializer.h",
            "f:\\uedit\\ue_5.3\\engine\\source\\runtime\\core\\public\\misc\\networkversion.h",
            "f:\\uedit\\ue_5.3\\engine\\source\\runtime\\core\\public\\misc\\enginenetworkcustomversion.h",
            "f:\\uedit\\ue_5.3\\engine\\source\\runtime\\core\\public\\misc\\guid.h",
            "f:\\uedit\\ue_5.3\\engine\\source\\runtime\\core\\public\\hash\\cityhash.h",
            "f:\\uedit\\ue_5.3\\engine\\source\\runtime\\core\\public\\math\\intpoint.h",
            "f:\\uedit\\ue_5.3\\engine\\source\\runtime\\core\\public\\math\\vector2d.h",
            "f:\\uedit\\ue_5.3\\engine\\source\\runtime\\core\\public\\misc\\byteswap.h",
            "f:\\uedit\\ue_5.3\\engine\\source\\runtime\\core\\public\\internationalization\\text.h",
            "f:\\uedit\\ue_5.3\\engine\\source\\runtime\\core\\public\\containers\\sortedmap.h",
            "f:\\uedit\\ue_5.3\\engine\\source\\runtime\\core\\public\\internationalization\\textkey.h",
            "f:\\uedit\\ue_5.3\\engine\\source\\runtime\\core\\public\\internationalization\\lockeyfuncs.h",
            "f:\\uedit\\ue_5.3\\engine\\source\\runtime\\core\\public\\internationalization\\culturepointer.h",
            "f:\\uedit\\ue_5.3\\engine\\source\\runtime\\core\\public\\internationalization\\textcomparison.h",
            "f:\\uedit\\ue_5.3\\engine\\source\\runtime\\core\\public\\internationalization\\textlocalizationmanager.h",
            "f:\\uedit\\ue_5.3\\engine\\source\\runtime\\core\\public\\async\\taskgraphfwd.h",
            "f:\\uedit\\ue_5.3\\engine\\source\\runtime\\core\\public\\internationalization\\loctesting.h",
            "f:\\uedit\\ue_5.3\\engine\\source\\runtime\\core\\public\\internationalization\\localizedtextsourcetypes.h",
            "f:\\uedit\\ue_5.3\\engine\\source\\runtime\\core\\public\\internationalization\\stringtablecorefwd.h",
            "f:\\uedit\\ue_5.3\\engine\\source\\runtime\\core\\public\\internationalization\\itextdata.h",
            "f:\\uedit\\ue_5.3\\engine\\source\\runtime\\core\\public\\internationalization\\internationalization.h",
            "f:\\uedit\\ue_5.3\\engine\\source\\runtime\\core\\public\\math\\intvector.h",
            "f:\\uedit\\ue_5.3\\engine\\source\\runtime\\core\\public\\math\\axis.h",
            "f:\\uedit\\ue_5.3\\engine\\source\\runtime\\core\\public\\math\\vectorregister.h",
            "f:\\uedit\\ue_5.3\\engine\\source\\runtime\\core\\public\\math\\unrealmathsse.h",
            "f:\\uedit\\ue_5.3\\engine\\source\\runtime\\core\\public\\math\\unrealmathvectorconstants.h",
            "f:\\uedit\\ue_5.3\\engine\\source\\runtime\\core\\public\\math\\unrealmathvectorcommon.h",
            "f:\\uedit\\ue_5.3\\engine\\source\\runtime\\core\\public\\math\\sphere.h",
            "f:\\uedit\\ue_5.3\\engine\\source\\runtime\\core\\public\\math\\matrix.h",
            "f:\\uedit\\ue_5.3\\engine\\source\\runtime\\core\\public\\math\\vector4.h",
            "f:\\uedit\\ue_5.3\\engine\\source\\runtime\\core\\public\\math\\plane.h",
            "f:\\uedit\\ue_5.3\\engine\\source\\runtime\\core\\public\\math\\rotator.h",
            "f:\\uedit\\ue_5.3\\engine\\source\\runtime\\core\\public\\math\\matrix.inl",
            "f:\\uedit\\ue_5.3\\engine\\source\\runtime\\core\\public\\math\\transform.h",
            "f:\\uedit\\ue_5.3\\engine\\source\\runtime\\core\\public\\math\\quat.h",
            "f:\\uedit\\ue_5.3\\engine\\source\\runtime\\core\\public\\math\\scalarregister.h",
            "f:\\uedit\\ue_5.3\\engine\\source\\runtime\\core\\public\\math\\transformnonvectorized.h",
            "f:\\uedit\\ue_5.3\\engine\\source\\runtime\\core\\public\\math\\transformvectorized.h",
            "f:\\uedit\\ue_5.3\\engine\\source\\runtime\\core\\public\\math\\rotationmatrix.h",
            "f:\\uedit\\ue_5.3\\engine\\source\\runtime\\core\\public\\math\\rotationtranslationmatrix.h",
            "f:\\uedit\\ue_5.3\\engine\\source\\runtime\\core\\public\\math\\quatrotationtranslationmatrix.h",
            "f:\\uedit\\ue_5.3\\engine\\source\\runtime\\core\\public\\experimental\\containers\\faaarrayqueue.h",
            "f:\\uedit\\ue_5.3\\engine\\source\\runtime\\core\\public\\experimental\\containers\\hazardpointer.h",
            "f:\\uedit\\ue_5.3\\engine\\source\\runtime\\core\\public\\coreminimal.h",
            "f:\\uedit\\ue_5.3\\engine\\source\\runtime\\core\\public\\templates\\integralconstant.h",
            "f:\\uedit\\ue_5.3\\engine\\source\\runtime\\core\\public\\templates\\isclass.h",
            "f:\\uedit\\ue_5.3\\engine\\source\\runtime\\core\\public\\misc\\framenumber.h",
            "f:\\uedit\\ue_5.3\\engine\\source\\runtime\\core\\public\\math\\colorlist.h",
            "f:\\uedit\\ue_5.3\\engine\\source\\runtime\\core\\public\\math\\intrect.h",
            "f:\\uedit\\ue_5.3\\engine\\source\\runtime\\core\\public\\math\\twovectors.h",
            "f:\\uedit\\ue_5.3\\engine\\source\\runtime\\core\\public\\math\\edge.h",
            "f:\\uedit\\ue_5.3\\engine\\source\\runtime\\core\\public\\math\\capsuleshape.h",
            "f:\\uedit\\ue_5.3\\engine\\source\\runtime\\core\\public\\misc\\datetime.h",
            "f:\\uedit\\ue_5.3\\engine\\source\\runtime\\core\\public\\math\\rangebound.h",
            "f:\\uedit\\ue_5.3\\engine\\source\\runtime\\core\\public\\misc\\automationevent.h",
            "f:\\uedit\\ue_5.3\\engine\\source\\runtime\\core\\public\\math\\range.h",
            "f:\\uedit\\ue_5.3\\engine\\source\\runtime\\core\\public\\math\\rangeset.h",
            "f:\\uedit\\ue_5.3\\engine\\source\\runtime\\core\\public\\math\\box2d.h",
            "f:\\uedit\\ue_5.3\\engine\\source\\runtime\\core\\public\\math\\boxspherebounds.h",
            "f:\\uedit\\ue_5.3\\engine\\source\\runtime\\core\\public\\math\\orientedbox.h",
            "f:\\uedit\\ue_5.3\\engine\\source\\runtime\\core\\public\\math\\rotationaboutpointmatrix.h",
            "f:\\uedit\\ue_5.3\\engine\\source\\runtime\\core\\public\\math\\scalerotationtranslationmatrix.h",
            "f:\\uedit\\ue_5.3\\engine\\source\\runtime\\core\\public\\math\\perspectivematrix.h",
            "f:\\uedit\\ue_5.3\\engine\\source\\runtime\\core\\public\\math\\orthomatrix.h",
            "f:\\uedit\\ue_5.3\\engine\\source\\runtime\\core\\public\\math\\translationmatrix.h",
            "f:\\uedit\\ue_5.3\\engine\\source\\runtime\\core\\public\\math\\inverserotationmatrix.h",
            "f:\\uedit\\ue_5.3\\engine\\source\\runtime\\core\\public\\math\\scalematrix.h",
            "f:\\uedit\\ue_5.3\\engine\\source\\runtime\\core\\public\\math\\mirrormatrix.h",
            "f:\\uedit\\ue_5.3\\engine\\source\\runtime\\core\\public\\math\\clipprojectionmatrix.h",
            "f:\\uedit\\ue_5.3\\engine\\source\\runtime\\core\\public\\math\\interpcurvepoint.h",
            "f:\\uedit\\ue_5.3\\engine\\source\\runtime\\core\\public\\math\\interpcurve.h",
            "f:\\uedit\\ue_5.3\\engine\\source\\runtime\\core\\public\\algo\\minelement.h",
            "f:\\uedit\\ue_5.3\\engine\\source\\runtime\\core\\public\\algo\\impl\\rangepointertype.h",
            "f:\\uedit\\ue_5.3\\engine\\source\\runtime\\core\\public\\math\\curveedinterface.h",
            "f:\\uedit\\ue_5.3\\engine\\source\\runtime\\core\\public\\math\\float32.h",
            "f:\\uedit\\ue_5.3\\engine\\source\\runtime\\core\\public\\math\\float16.h",
            "f:\\uedit\\ue_5.3\\engine\\source\\runtime\\core\\public\\math\\float16color.h",
            "f:\\uedit\\ue_5.3\\engine\\source\\runtime\\core\\public\\math\\vector2dhalf.h",
            "f:\\uedit\\ue_5.3\\engine\\source\\runtime\\core\\public\\math\\convexhull2d.h",
            "f:\\uedit\\ue_5.3\\engine\\source\\runtime\\core\\public\\math\\unrealmath.h",
            "f:\\uedit\\ue_5.3\\engine\\source\\runtime\\core\\public\\math\\ray.h",
            "f:\\uedit\\ue_5.3\\engine\\source\\runtime\\core\\public\\async\\future.h",
            "f:\\uedit\\ue_5.3\\engine\\source\\runtime\\core\\public\\async\\parallelfor.h",
            "f:\\uedit\\ue_5.3\\engine\\source\\runtime\\core\\public\\async\\taskgraphinterfaces.h",
            "f:\\uedit\\ue_5.3\\engine\\source\\runtime\\core\\public\\hal\\iconsolemanager.h",
            "f:\\uedit\\ue_5.3\\engine\\source\\runtime\\core\\public\\misc\\accessdetection.h",
            "f:\\uedit\\ue_5.3\\engine\\source\\runtime\\core\\public\\features\\imodularfeature.h",
            "f:\\uedit\\ue_5.3\\engine\\source\\runtime\\core\\public\\misc\\timeout.h",
            "f:\\uedit\\ue_5.3\\engine\\source\\runtime\\core\\public\\async\\tasktrace.h",
            "f:\\uedit\\ue_5.3\\engine\\source\\runtime\\core\\public\\tasks\\taskprivate.h",
            "f:\\uedit\\ue_5.3\\engine\\source\\runtime\\core\\public\\misc\\app.h",
            "f:\\uedit\\ue_5.3\\engine\\source\\runtime\\core\\public\\misc\\commandline.h",
            "f:\\uedit\\ue_5.3\\engine\\source\\runtime\\core\\public\\misc\\coremisc.h",
            "f:\\uedit\\ue_5.3\\engine\\source\\runtime\\core\\public\\misc\\framerate.h",
            "f:\\uedit\\ue_5.3\\engine\\source\\runtime\\core\\public\\misc\\expressionparsertypes.h",
            "f:\\uedit\\ue_5.3\\engine\\source\\runtime\\core\\public\\templates\\valueorerror.h",
            "f:\\uedit\\ue_5.3\\engine\\source\\runtime\\core\\public\\misc\\tvariant.h",
            "f:\\uedit\\ue_5.3\\engine\\source\\runtime\\core\\public\\misc\\tvariantmeta.h",
            "f:\\uedit\\ue_5.3\\engine\\source\\runtime\\core\\public\\misc\\expressionparsertypes.inl",
            "f:\\uedit\\ue_5.3\\engine\\source\\runtime\\core\\public\\misc\\frametime.h",
            "f:\\uedit\\ue_5.3\\engine\\source\\runtime\\core\\public\\misc\\qualifiedframetime.h",
            "f:\\uedit\\ue_5.3\\engine\\source\\runtime\\core\\public\\misc\\timecode.h",
            "f:\\uedit\\ue_5.3\\engine\\source\\runtime\\core\\public\\misc\\fork.h",
            "f:\\uedit\\ue_5.3\\engine\\source\\runtime\\core\\public\\containers\\dynamicrhiresourcearray.h",
            "f:\\uedit\\ue_5.3\\engine\\source\\runtime\\core\\public\\containers\\resourcearray.h",
            "f:\\uedit\\ue_5.3\\engine\\source\\runtime\\core\\public\\serialization\\memoryimage.h",
            "f:\\uedit\\ue_5.3\\engine\\source\\runtime\\core\\public\\containers\\hashtable.h",
            "f:\\uedit\\ue_5.3\\engine\\source\\runtime\\core\\public\\misc\\securehash.h",
            "f:\\uedit\\ue_5.3\\engine\\source\\runtime\\core\\public\\serialization\\bufferreader.h",
            "f:\\uedit\\ue_5.3\\engine\\source\\runtime\\core\\public\\string\\bytestohex.h",
            "f:\\uedit\\ue_5.3\\engine\\source\\runtime\\core\\public\\string\\hextobytes.h",
            "f:\\uedit\\ue_5.3\\engine\\source\\runtime\\core\\public\\containers\\list.h",
            "f:\\uedit\\ue_5.3\\engine\\source\\runtime\\core\\public\\containers\\queue.h",
            "f:\\uedit\\ue_5.3\\engine\\source\\runtime\\core\\public\\containers\\staticarray.h",
            "f:\\uedit\\ue_5.3\\engine\\source\\runtime\\core\\public\\containers\\ticker.h",
            "f:\\uedit\\ue_5.3\\engine\\source\\runtime\\core\\public\\containers\\mpscqueue.h",
            "f:\\uedit\\ue_5.3\\engine\\source\\runtime\\core\\public\\features\\imodularfeatures.h",
            "f:\\uedit\\ue_5.3\\engine\\source\\runtime\\core\\public\\genericplatform\\genericplatformfile.h",
            "f:\\uedit\\ue_5.3\\engine\\source\\runtime\\core\\public\\hal\\filemanager.h",
            "f:\\uedit\\ue_5.3\\engine\\source\\runtime\\core\\public\\hal\\runnable.h",
            "f:\\uedit\\ue_5.3\\engine\\source\\runtime\\core\\public\\hal\\runnablethread.h",
            "f:\\uedit\\ue_5.3\\engine\\source\\runtime\\core\\public\\hal\\threadsafebool.h",
            "f:\\uedit\\ue_5.3\\engine\\source\\runtime\\core\\public\\internationalization\\gatherabletextdata.h",
            "f:\\uedit\\ue_5.3\\engine\\source\\runtime\\core\\public\\internationalization\\internationalizationmetadata.h",
            "f:\\uedit\\ue_5.3\\engine\\source\\runtime\\core\\public\\logging\\tokenizedmessage.h",
            "f:\\uedit\\ue_5.3\\engine\\source\\runtime\\core\\public\\misc\\attribute.h",
            "f:\\uedit\\ue_5.3\\engine\\source\\runtime\\core\\public\\math\\basicmathexpressionevaluator.h",
            "f:\\uedit\\ue_5.3\\engine\\source\\runtime\\core\\public\\internationalization\\fastdecimalformat.h",
            "f:\\uedit\\ue_5.3\\engine\\source\\runtime\\core\\public\\math\\shmath.h",
            "f:\\uedit\\ue_5.3\\engine\\source\\runtime\\core\\public\\math\\transformcalculus.h",
            "f:\\uedit\\ue_5.3\\engine\\source\\runtime\\core\\public\\math\\transformcalculus2d.h",
            "f:\\uedit\\ue_5.3\\engine\\source\\runtime\\core\\public\\misc\\automationtest.h",
            "f:\\uedit\\ue_5.3\\engine\\source\\runtime\\core\\public\\async\\async.h",
            "f:\\uedit\\ue_5.3\\engine\\source\\runtime\\core\\public\\misc\\corestats.h",
            "f:\\uedit\\ue_5.3\\engine\\source\\runtime\\core\\public\\internationalization\\regex.h",
            "f:\\uedit\\ue_5.3\\engine\\source\\runtime\\core\\public\\misc\\feedbackcontext.h",
            "f:\\uedit\\ue_5.3\\engine\\source\\runtime\\core\\public\\misc\\slowtask.h",
            "f:\\uedit\\ue_5.3\\engine\\source\\runtime\\core\\public\\misc\\slowtaskstack.h",
            "f:\\uedit\\ue_5.3\\engine\\source\\runtime\\core\\public\\misc\\bufferedoutputdevice.h",
            "f:\\uedit\\ue_5.3\\engine\\source\\runtime\\core\\public\\misc\\outputdeviceredirector.h",
            "f:\\uedit\\ue_5.3\\engine\\source\\runtime\\core\\public\\templates\\pimplptr.h",
            "f:\\uedit\\ue_5.3\\engine\\source\\runtime\\core\\public\\misc\\compilationresult.h",
            "f:\\uedit\\ue_5.3\\engine\\source\\runtime\\core\\public\\misc\\configcacheini.h",
            "f:\\uedit\\ue_5.3\\engine\\source\\runtime\\core\\public\\internationalization\\textlocalizationresource.h",
            "f:\\uedit\\ue_5.3\\engine\\source\\runtime\\core\\public\\misc\\configtypes.h",
            "f:\\uedit\\ue_5.3\\engine\\source\\runtime\\core\\public\\misc\\paths.h",
            "f:\\uedit\\ue_5.3\\engine\\source\\runtime\\core\\public\\misc\\coredelegates.h",
            "f:\\uedit\\ue_5.3\\engine\\source\\runtime\\core\\public\\hal\\platformfile.h",
            "f:\\uedit\\ue_5.3\\engine\\source\\runtime\\core\\public\\windows\\windowsplatformfile.h",
            "f:\\uedit\\ue_5.3\\engine\\source\\runtime\\core\\public\\misc\\aes.h",
            "f:\\uedit\\ue_5.3\\engine\\source\\runtime\\core\\public\\misc\\engineversion.h",
            "f:\\uedit\\ue_5.3\\engine\\source\\runtime\\core\\public\\misc\\filehelper.h",
            "f:\\uedit\\ue_5.3\\engine\\source\\runtime\\core\\public\\misc\\filtercollection.h",
            "f:\\uedit\\ue_5.3\\engine\\source\\runtime\\core\\public\\misc\\ifilter.h",
            "f:\\uedit\\ue_5.3\\engine\\source\\runtime\\core\\public\\misc\\messagedialog.h",
            "f:\\uedit\\ue_5.3\\engine\\source\\runtime\\core\\public\\misc\\networkguid.h",
            "f:\\uedit\\ue_5.3\\engine\\source\\runtime\\core\\public\\misc\\objectthumbnail.h",
            "f:\\uedit\\ue_5.3\\engine\\source\\runtime\\core\\public\\misc\\outputdeviceerror.h",
            "f:\\uedit\\ue_5.3\\engine\\source\\runtime\\core\\public\\misc\\scopedevent.h",
            "f:\\uedit\\ue_5.3\\engine\\source\\runtime\\core\\public\\misc\\singlethreadrunnable.h",
            "f:\\uedit\\ue_5.3\\engine\\source\\runtime\\core\\public\\modules\\boilerplate\\moduleboilerplate.h",
            "f:\\uedit\\ue_5.3\\engine\\source\\runtime\\core\\public\\modules\\moduleinterface.h",
            "f:\\uedit\\ue_5.3\\engine\\source\\runtime\\core\\public\\modules\\modulemanager.h",
            "f:\\uedit\\ue_5.3\\engine\\source\\runtime\\core\\public\\profilingdebugging\\histogram.h",
            "f:\\uedit\\ue_5.3\\engine\\source\\runtime\\core\\public\\profilingdebugging\\profilinghelpers.h",
            "f:\\uedit\\ue_5.3\\engine\\source\\runtime\\core\\public\\profilingdebugging\\resourcesize.h",
            "f:\\uedit\\ue_5.3\\engine\\source\\runtime\\core\\public\\serialization\\bitreader.h",
            "f:\\uedit\\ue_5.3\\engine\\source\\runtime\\core\\public\\serialization\\bitarchive.h",
            "f:\\uedit\\ue_5.3\\engine\\source\\runtime\\core\\public\\serialization\\bitwriter.h",
            "f:\\uedit\\ue_5.3\\engine\\source\\runtime\\core\\public\\serialization\\customversion.h",
            "f:\\uedit\\ue_5.3\\engine\\source\\runtime\\core\\public\\serialization\\memoryarchive.h",
            "f:\\uedit\\ue_5.3\\engine\\source\\runtime\\core\\public\\serialization\\memoryreader.h",
            "f:\\uedit\\ue_5.3\\engine\\source\\runtime\\core\\public\\memory\\memoryview.h",
            "f:\\uedit\\ue_5.3\\engine\\source\\runtime\\core\\public\\memory\\memoryfwd.h",
            "f:\\uedit\\ue_5.3\\engine\\source\\runtime\\core\\public\\serialization\\memorywriter.h",
            "f:\\uedit\\ue_5.3\\engine\\source\\runtime\\core\\public\\stats\\statsmisc.h",
            "f:\\uedit\\ue_5.3\\engine\\source\\runtime\\core\\public\\templates\\greater.h",
            "f:\\uedit\\ue_5.3\\engine\\source\\runtime\\core\\public\\templates\\scopedcallback.h",
            "f:\\uedit\\ue_5.3\\engine\\source\\runtime\\core\\public\\uobject\\debugserializationflags.h",
            "f:\\uedit\\ue_5.3\\engine\\source\\runtime\\core\\public\\uobject\\propertyportflags.h"
        ],
        "ImportedModules": [],
        "ImportedHeaderUnits": []
    }
}