{
	"AssetInfoVersion": 2,
	"ShaderCodeToAssets": [
		{
			"ShaderMapHash": "59AD470090D49B35F34484FCE2F703027F6CFF51",
			"Assets": [
				"/Interchange/gltf/MaterialInstances/MI_ClearCoat_Blend_DS"
			]
		},
		{
			"ShaderMapHash": "D2BC7304E19C92A116A21E6CBBD2D54C88B35EFF",
			"Assets": [
				"/Interchange/gltf/MaterialInstances/MI_Sheen_Mask"
			]
		},
		{
			"ShaderMapHash": "22B0DD050B9BD648B5F0D46E2B1EE493A98EE50B",
			"Assets": [
				"/Engine/EngineMaterials/Widget3DPassThrough_Masked"
			]
		},
		{
			"ShaderMapHash": "740906101A6FADF71754BCAF0E0A831106816B97",
			"Assets": [
				"/Interchange/gltf/MaterialInstances/MI_Unlit_Blend"
			]
		},
		{
			"ShaderMapHash": "0CBA1E11538F0617658F2D3F395F9E3BEF557F71",
			"Assets": [
				"/Engine/EngineMaterials/RemoveSurfaceMaterial"
			]
		},
		{
			"ShaderMapHash": "F41020167194BC7D7FF4809CE6A45F62FFA78E08",
			"Assets": [
				"/Engine/VREditor/TransformGizmo/Main"
			]
		},
		{
			"ShaderMapHash": "7C0C821A40528D2FD1A69A57E84885A86D56B072",
			"Assets": [
				"/Interchange/gltf/MaterialInstances/MI_ClearCoat_Mask_DS"
			]
		},
		{
			"ShaderMapHash": "4E4BAC1B474B717D58FF22554FDE04978B5B60EC",
			"Assets": [
				"/Paper2D/OpaqueUnlitSpriteMaterial"
			]
		},
		{
			"ShaderMapHash": "AC8E891C45993703B6B71C3BB5A9B031623124C7",
			"Assets": [
				"/Interchange/gltf/M_Sheen"
			]
		},
		{
			"ShaderMapHash": "BDBDE11CAEF640CD3C558C226B765668232F1F5E",
			"Assets": [
				"/Interchange/gltf/M_SpecularGlossiness"
			]
		},
		{
			"ShaderMapHash": "FAC2CC1D5893280137F253A5F6CDA83A64F037BA",
			"Assets": [
				"/Interchange/gltf/MaterialInstances/MI_SpecularGlossiness_Opaque_DS"
			]
		},
		{
			"ShaderMapHash": "DEF56220C7BD375B4FDAB75A7F6EDB6140CF8EB9",
			"Assets": [
				"/Interchange/gltf/MaterialInstances/MI_Sheen_Mask_DS"
			]
		},
		{
			"ShaderMapHash": "8EF7432262121E8454796FC2E7A27749851C2451",
			"Assets": [
				"/SpeedTreeImporter/SpeedTree9/SpeedTreeMaster"
			]
		},
		{
			"ShaderMapHash": "4D875A2759C02D2CAE7FDD88B7D00A7353B4C89C",
			"Assets": [
				"/Interchange/gltf/M_Default"
			]
		},
		{
			"ShaderMapHash": "8F0DCB2A7CE346FC0CF04FA7AA3AAB468AEA5FA1",
			"Assets": [
				"/Engine/EngineMaterials/Widget3DPassThrough_Opaque_OneSided"
			]
		},
		{
			"ShaderMapHash": "02952A2B245F77FEE86A5472B1E5BDCBEC365479",
			"Assets": [
				"/Engine/EditorMaterials/Camera/CineMat"
			]
		},
		{
			"ShaderMapHash": "FCE85F33CB5D23A0044C7F44EDA03BBC8E1CA022",
			"Assets": [
				"/Engine/VREditor/TransformGizmo/Xray"
			]
		},
		{
			"ShaderMapHash": "295E27370D68D6F64A9BFEC63B855D2678657E1D",
			"Assets": [
				"/Interchange/gltf/MaterialInstances/MI_Default_Mask"
			]
		},
		{
			"ShaderMapHash": "08147647FD92AB4A5378B343BE3829AAD4F2A7A9",
			"Assets": [
				"/Engine/EngineMaterials/Widget3DPassThrough_Masked_OneSided"
			]
		},
		{
			"ShaderMapHash": "54459E47C7A916E5712E6D5215E7275DBA6C2DF6",
			"Assets": [
				"/Engine/EngineMaterials/PPM_DefaultCalibrationGrayscale"
			]
		},
		{
			"ShaderMapHash": "9C8EC447B8F0ABFC783A30C5E81742A6F21D9A66",
			"Assets": [
				"/Interchange/gltf/MaterialInstances/MI_ClearCoat_Opaque_DS"
			]
		},
		{
			"ShaderMapHash": "723D524ADE4C9A9B4B4E99371FC40C8D010293B5",
			"Assets": [
				"/Interchange/gltf/MaterialInstances/MI_Unlit_Blend_DS"
			]
		},
		{
			"ShaderMapHash": "B2352451A8B93866FB529322E0377F81FFD9A501",
			"Assets": [
				"/Engine/EngineMaterials/Widget3DPassThrough_Opaque"
			]
		},
		{
			"ShaderMapHash": "4EEEFE57B37BA4F0A593FF8F7898ACB5AE883720",
			"Assets": [
				"/SpeedTreeImporter/SpeedTree9/SpeedTreeBillboardMaster"
			]
		},
		{
			"ShaderMapHash": "DB626958631E950FB38D981C39A87E0D50CDBB22",
			"Assets": [
				"/Engine/VREditor/TransformGizmo/TransformGizmoMaterial"
			]
		},
		{
			"ShaderMapHash": "C1EE5E5B5BF67801CFCF926385ECA562DDB0D7FC",
			"Assets": [
				"/Engine/EngineMaterials/WorldGridMaterial"
			]
		},
		{
			"ShaderMapHash": "5B3E895F182400C76628BFB02C933FD7D47A309D",
			"Assets": [
				"/Interchange/gltf/MaterialInstances/MI_Sheen_Blend_DS"
			]
		},
		{
			"ShaderMapHash": "53763660661F9E9A32FC9453052912986B3A94BD",
			"Assets": [
				"/Interchange/gltf/MaterialInstances/MI_Unlit_Opaque_DS"
			]
		},
		{
			"ShaderMapHash": "F1649467B3C6052EEF75DDF6BBE9FFF9808BD8BB",
			"Assets": [
				"/Engine/EngineMaterials/M_InvalidLightmapSettings"
			]
		},
		{
			"ShaderMapHash": "3D345768528CF81A725E2DC6E89359A02A9F906F",
			"Assets": [
				"/Interchange/gltf/MaterialInstances/MI_SpecularGlossiness_Mask"
			]
		},
		{
			"ShaderMapHash": "CA9EAD6DC072047E3E2E0FEEB746B4BC31CE6558",
			"Assets": [
				"/Interchange/gltf/MaterialInstances/MI_Unlit_Mask_DS"
			]
		},
		{
			"ShaderMapHash": "41E6DC6E9BF3FFDBDD9879CEDB87F8763CAE54BF",
			"Assets": [
				"/Engine/EditorLandscapeResources/SplineEditorMeshMat"
			]
		},
		{
			"ShaderMapHash": "6C7359730EB9AF435E8CB5EBCC88AD8F056EEA85",
			"Assets": [
				"/Engine/VREditor/SnapGrid/SnapGridMaterial"
			]
		},
		{
			"ShaderMapHash": "A4657E759045A7781BDFD5DB5C00547BEEC7A756",
			"Assets": [
				"/Interchange/gltf/MaterialInstances/MI_SpecularGlossiness_Mask_DS"
			]
		},
		{
			"ShaderMapHash": "F816D58163313773C6D646547C6DAB29361E4076",
			"Assets": [
				"/Interchange/gltf/M_Unlit"
			]
		},
		{
			"ShaderMapHash": "1863DA8122FBE222BE001EEBD4A34292B6122F01",
			"Assets": [
				"/Engine/EditorMaterials/PhAT_UnselectedMaterial"
			]
		},
		{
			"ShaderMapHash": "3B4752835D57D94907883619BFBC63ADF22851EC",
			"Assets": [
				"/Engine/EngineMaterials/DefaultDeferredDecalMaterial"
			]
		},
		{
			"ShaderMapHash": "865A5A855E2E01B28A0BB498D874ACEC398CBEA8",
			"Assets": [
				"/Engine/EngineMaterials/PPM_DefaultCalibrationColor"
			]
		},
		{
			"ShaderMapHash": "51699C89BC36DCEC9ECE190738FDA3AE09DAD649",
			"Assets": [
				"/Engine/EngineMaterials/DefaultPostProcessMaterial"
			]
		},
		{
			"ShaderMapHash": "EC2C668A2049976BDAF1B8918D8C3A88A90F1114",
			"Assets": [
				"/Engine/EditorMaterials/PhAT_NoCollisionMaterial"
			]
		},
		{
			"ShaderMapHash": "D2262B8B4FCB74CDEDB375DC801151EB5ED0756B",
			"Assets": [
				"/Engine/EngineMaterials/EmissiveMeshMaterial"
			]
		},
		{
			"ShaderMapHash": "355C728DCF897410C1C1E42ACCB88D46968062EC",
			"Assets": [
				"/Engine/EngineMaterials/DefaultTextMaterialOpaque"
			]
		},
		{
			"ShaderMapHash": "6F72AA956D048C9E851CD02D33459B4B3372F6C8",
			"Assets": [
				"/Engine/EngineDebugMaterials/M_SimpleUnlitTranslucent"
			]
		},
		{
			"ShaderMapHash": "51E2FD970CC35122B49C5FC4D34A6BAD0FEE925A",
			"Assets": [
				"/Engine/VREditor/TransformGizmo/TranslucentTransformGizmoMaterial"
			]
		},
		{
			"ShaderMapHash": "6604DD9881A34C46211043191CEF657CDE26F9AF",
			"Assets": [
				"/Interchange/gltf/MaterialInstances/MI_Sheen_Opaque_DS"
			]
		},
		{
			"ShaderMapHash": "93310E9DE70C23AC1B09E4FDBFA2A37E901AF0AD",
			"Assets": [
				"/Engine/EngineMaterials/DefaultLightFunctionMaterial"
			]
		},
		{
			"ShaderMapHash": "4C5E399F02739FB058819A0EBA55DB224C5B07FC",
			"Assets": [
				"/Interchange/gltf/MaterialInstances/MI_Default_Opaque_DS"
			]
		},
		{
			"ShaderMapHash": "480E58A0192F338736838F1A4019B09C4B8AD3A9",
			"Assets": [
				"/Interchange/gltf/MaterialInstances/MI_Unlit_Mask"
			]
		},
		{
			"ShaderMapHash": "C3112FA22D81E2B19EFBD7C69909A870750C882C",
			"Assets": [
				"/Interchange/gltf/MaterialInstances/MI_Default_Blend_DS"
			]
		},
		{
			"ShaderMapHash": "1484D9A2514F10AA073850EFD4B4AB5B40CBFA99",
			"Assets": [
				"/Engine/EngineMaterials/NaniteHiddenSectionMaterial"
			]
		},
		{
			"ShaderMapHash": "510D13A8A30E91EC3D8162D786A2947CA4C9FB72",
			"Assets": [
				"/Game/DianYun/Material__2"
			]
		},
		{
			"ShaderMapHash": "1E9516A865328B66AC1A434CDA146CB7383A65EE",
			"Assets": [
				"/Engine/EngineDebugMaterials/M_VolumeRenderSphereTracePP"
			]
		},
		{
			"ShaderMapHash": "917DDEA92158E8F69F7B0ED774AD505B0DA3B723",
			"Assets": [
				"/Interchange/gltf/MaterialInstances/MI_Default_Mask_DS"
			]
		},
		{
			"ShaderMapHash": "C73753ACFA25521625CBF3750FA1C994D33FAB2E",
			"Assets": [
				"/ControlRig/Controls/ControlRigXRayMaterial"
			]
		},
		{
			"ShaderMapHash": "F599D2AEE86E5ECDE247FBA09C12EE61C91F4EFD",
			"Assets": [
				"/Interchange/gltf/MaterialInstances/MI_SpecularGlossiness_Blend_DS"
			]
		},
		{
			"ShaderMapHash": "7596DBB5FF57EA6A8846041B7D3860CB19F43F7D",
			"Assets": [
				"/Interchange/gltf/MaterialInstances/MI_ClearCoat_Mask"
			]
		},
		{
			"ShaderMapHash": "DC857FB8F8060046EDEE6832EE8C171CD9B6AD5B",
			"Assets": [
				"/Paper2D/DefaultSpriteMaterial"
			]
		},
		{
			"ShaderMapHash": "A21DD3BB07B2D6829A4ACBAD60115EDAC4F5D6AA",
			"Assets": [
				"/Engine/EngineMaterials/PhAT_JointLimitMaterial"
			]
		},
		{
			"ShaderMapHash": "870BAAC4E33E7F405B692237CBDE0F2A06781B8C",
			"Assets": [
				"/Engine/EngineMaterials/Widget3DPassThrough_Translucent"
			]
		},
		{
			"ShaderMapHash": "BF9911C89FABA183B5A1D3CEEEEEA8E96962E3DF",
			"Assets": [
				"/Interchange/gltf/MaterialInstances/MI_ClearCoat_Blend"
			]
		},
		{
			"ShaderMapHash": "BBFDC1C866BC172EF00CD8FB5849AFC7F69D7986",
			"Assets": [
				"/Interchange/gltf/MaterialInstances/MI_Transmission_DS"
			]
		},
		{
			"ShaderMapHash": "50C76DCBA6D7FED0DF2D3B030E81E0189C9E6243",
			"Assets": [
				"/Engine/EngineSky/VolumetricClouds/m_SimpleVolumetricCloud"
			]
		},
		{
			"ShaderMapHash": "FC05AECBB6C43F0C9D054FC16E9D7742BE56251B",
			"Assets": [
				"/ControlRig/M_Manip"
			]
		},
		{
			"ShaderMapHash": "C3FD79D70C7D43180B3DA1936C81EE2AF3486C2D",
			"Assets": [
				"/Engine/EngineMaterials/GizmoMaterial"
			]
		},
		{
			"ShaderMapHash": "887B30DADE25E7729A909E806EBA25F58FF2FFA6",
			"Assets": [
				"/Engine/EngineMaterials/FlattenMaterial",
				"/Engine/EngineMaterials/FlattenMaterial_VT"
			]
		},
		{
			"ShaderMapHash": "74801ADB3011D2ADD52B50FA51FC9F692AF3A7AA",
			"Assets": [
				"/Engine/EngineMaterials/Widget3DPassThrough",
				"/Engine/EngineMaterials/Widget3DPassThrough_Translucent_OneSided"
			]
		},
		{
			"ShaderMapHash": "5424A7E0A8EB60FCA2F17EF8B328D2BAF15BABC6",
			"Assets": [
				"/MeshModelingToolset/Materials/M_DynamicMeshComponentVtxColor"
			]
		},
		{
			"ShaderMapHash": "6774EBE2C930726FABD59A828379C88D1292AC30",
			"Assets": [
				"/Interchange/gltf/M_Transmission"
			]
		},
		{
			"ShaderMapHash": "A0E28EE59861BF7F5BA23B4A610C34F652FE9F81",
			"Assets": [
				"/Interchange/gltf/MaterialInstances/MI_Default_Blend"
			]
		},
		{
			"ShaderMapHash": "86C344E7A8C8E5AC32250965576F749DD29FBF8B",
			"Assets": [
				"/Engine/EngineMaterials/FlattenMaterial_WS_Normal_VT"
			]
		},
		{
			"ShaderMapHash": "122F0CE8B33F28CEE3FACDDA5E57E4F3E1A5CFF8",
			"Assets": [
				"/Engine/EngineDebugMaterials/DebugEditorMaterial"
			]
		},
		{
			"ShaderMapHash": "5CC663EA6CB06C07C0A58626E2C98C39706F7419",
			"Assets": [
				"/ControlRig/Controls/ControlRigGizmoMaterial"
			]
		},
		{
			"ShaderMapHash": "454D50EC0B07024F1C1BE2A62C61E14ABB17B554",
			"Assets": [
				"/Interchange/gltf/MaterialInstances/MI_SpecularGlossiness_Blend"
			]
		},
		{
			"ShaderMapHash": "6D26E5F1954F2280B52421960E5784BE61083C76",
			"Assets": [
				"/Game/DianYun/Mat3d66-4341768-2-4935"
			]
		},
		{
			"ShaderMapHash": "FF6A5EF2A3C767990A27ED872CC3F4B45A34618C",
			"Assets": [
				"/Engine/EngineMaterials/DefaultMaterial"
			]
		},
		{
			"ShaderMapHash": "A52275F3BA41AD3188E60348D08D60167D74DE98",
			"Assets": [
				"/Engine/EditorMaterials/PreviewShadowIndicatorMaterial"
			]
		},
		{
			"ShaderMapHash": "079217FB82A46692AE3A18833BA01C09BE207528",
			"Assets": [
				"/Interchange/gltf/M_ClearCoat"
			]
		},
		{
			"ShaderMapHash": "4B648BFC853119FA5D90F64245E5788DCC122DE5",
			"Assets": [
				"/Engine/EngineDebugMaterials/DebugMeshMaterial"
			]
		},
		{
			"ShaderMapHash": "6EFBE7FC5DB0A389B628028286CC1EBC4AFA7082",
			"Assets": [
				"/Interchange/gltf/MaterialInstances/MI_Sheen_Blend"
			]
		}
	]
}